{"cameraMode":{"drawMode":0,"name":"Shaded","section":"Shading Mode"},"sceneLighting":false,"audioPlay":false,"sceneViewState":{"m_AlwaysRefresh":false,"showFog":true,"showSkybox":false,"showFlares":true,"showImageEffects":true,"showParticleSystems":true,"showVisualEffectGraphs":true,"m_FxEnabled":true},"in2DMode":false,"pivot":{"x":-0.27012899518013,"y":1.1958867311477662,"z":-0.6355790495872498},"rotation":{"x":-0.001882153213955462,"y":0.9981029033660889,"z":-0.04675472527742386,"w":-0.040144938975572589},"size":1.7634851932525635,"orthographic":false}